#,emoji,name
1,ğŸ˜€,grinning face
2,ğŸ˜ƒ,grinning face with big eyes
3,ğŸ˜„,grinning face with smiling eyes
4,ğŸ˜,beaming face with smiling eyes
5,ğŸ˜†,grinning squinting face
6,ğŸ˜…,grinning face with sweat
7,ğŸ¤£,rolling on the floor laughing
8,ğŸ˜‚,face with tears of joy
9,ğŸ™‚,slightly smiling face
10,ğŸ™ƒ,upside-down face
11,ğŸ˜‰,winking face
12,ğŸ˜Š,smiling face with smiling eyes
13,ğŸ˜‡,smiling face with halo
14,ğŸ¥°,smiling face with hearts
15,ğŸ˜,smiling face with heart-eyes
16,ğŸ¤©,star-struck
17,ğŸ˜˜,face blowing a kiss
18,ğŸ˜—,kissing face
19,â˜º,smiling face
20,ğŸ˜š,kissing face with closed eyes
21,ğŸ˜™,kissing face with smiling eyes
22,ğŸ¥²,smiling face with tear
23,ğŸ˜‹,face savoring food
24,ğŸ˜›,face with tongue
25,ğŸ˜œ,winking face with tongue
26,ğŸ¤ª,zany face
27,ğŸ˜,squinting face with tongue
28,ğŸ¤‘,money-mouth face
29,ğŸ¤—,hugging face
30,ğŸ¤­,face with hand over mouth
31,ğŸ¤«,shushing face
32,ğŸ¤”,thinking face
33,ğŸ¤,zipper-mouth face
34,ğŸ¤¨,face with raised eyebrow
35,ğŸ˜,neutral face
36,ğŸ˜‘,expressionless face
37,ğŸ˜¶,face without mouth
38,ğŸ˜¶â€ğŸŒ«ï¸,âŠ› face in clouds
39,ğŸ˜,smirking face
40,ğŸ˜’,unamused face
41,ğŸ™„,face with rolling eyes
42,ğŸ˜¬,grimacing face
43,ğŸ˜®â€ğŸ’¨,âŠ› face exhaling
44,ğŸ¤¥,lying face
45,ğŸ˜Œ,relieved face
46,ğŸ˜”,pensive face
47,ğŸ˜ª,sleepy face
48,ğŸ¤¤,drooling face
49,ğŸ˜´,sleeping face
50,ğŸ˜·,face with medical mask
51,ğŸ¤’,face with thermometer
52,ğŸ¤•,face with head-bandage
53,ğŸ¤¢,nauseated face
54,ğŸ¤®,face vomiting
55,ğŸ¤§,sneezing face
56,ğŸ¥µ,hot face
57,ğŸ¥¶,cold face
58,ğŸ¥´,woozy face
59,ğŸ˜µ,knocked-out face
60,ğŸ˜µâ€ğŸ’«,âŠ› face with spiral eyes
61,ğŸ¤¯,exploding head
62,ğŸ¤ ,cowboy hat face
63,ğŸ¥³,partying face
64,ğŸ¥¸,disguised face
65,ğŸ˜,smiling face with sunglasses
66,ğŸ¤“,nerd face
67,ğŸ§,face with monocle
68,ğŸ˜•,confused face
69,ğŸ˜Ÿ,worried face
70,ğŸ™,slightly frowning face
71,â˜¹,frowning face
72,ğŸ˜®,face with open mouth
73,ğŸ˜¯,hushed face
74,ğŸ˜²,astonished face
75,ğŸ˜³,flushed face
76,ğŸ¥º,pleading face
77,ğŸ˜¦,frowning face with open mouth
78,ğŸ˜§,anguished face
79,ğŸ˜¨,fearful face
80,ğŸ˜°,anxious face with sweat
81,ğŸ˜¥,sad but relieved face
82,ğŸ˜¢,crying face
83,ğŸ˜­,loudly crying face
84,ğŸ˜±,face screaming in fear
85,ğŸ˜–,confounded face
86,ğŸ˜£,persevering face
87,ğŸ˜,disappointed face
88,ğŸ˜“,downcast face with sweat
89,ğŸ˜©,weary face
90,ğŸ˜«,tired face
91,ğŸ¥±,yawning face
92,ğŸ˜¤,face with steam from nose
93,ğŸ˜¡,pouting face
94,ğŸ˜ ,angry face
95,ğŸ¤¬,face with symbols on mouth
96,ğŸ˜ˆ,smiling face with horns
97,ğŸ‘¿,angry face with horns
98,ğŸ’€,skull
99,â˜ ,skull and crossbones
100,ğŸ’©,pile of poo
101,ğŸ¤¡,clown face
102,ğŸ‘¹,ogre
103,ğŸ‘º,goblin
104,ğŸ‘»,ghost
105,ğŸ‘½,alien
106,ğŸ‘¾,alien monster
107,ğŸ¤–,robot
108,ğŸ˜º,grinning cat
109,ğŸ˜¸,grinning cat with smiling eyes
110,ğŸ˜¹,cat with tears of joy
111,ğŸ˜»,smiling cat with heart-eyes
112,ğŸ˜¼,cat with wry smile
113,ğŸ˜½,kissing cat
114,ğŸ™€,weary cat
115,ğŸ˜¿,crying cat
116,ğŸ˜¾,pouting cat
117,ğŸ™ˆ,see-no-evil monkey
118,ğŸ™‰,hear-no-evil monkey
119,ğŸ™Š,speak-no-evil monkey
120,ğŸ’‹,kiss mark
121,ğŸ’Œ,love letter
122,ğŸ’˜,heart with arrow
123,ğŸ’,heart with ribbon
124,ğŸ’–,sparkling heart
125,ğŸ’—,growing heart
126,ğŸ’“,beating heart
127,ğŸ’,revolving hearts
128,ğŸ’•,two hearts
129,ğŸ’Ÿ,heart decoration
130,â£,heart exclamation
131,ğŸ’”,broken heart
132,â¤ï¸â€ğŸ”¥,âŠ› heart on fire
133,â¤ï¸â€ğŸ©¹,âŠ› mending heart
134,â¤,red heart
135,ğŸ§¡,orange heart
136,ğŸ’›,yellow heart
137,ğŸ’š,green heart
138,ğŸ’™,blue heart
139,ğŸ’œ,purple heart
140,ğŸ¤,brown heart
141,ğŸ–¤,black heart
142,ğŸ¤,white heart
143,ğŸ’¯,hundred points
144,ğŸ’¢,anger symbol
145,ğŸ’¥,collision
146,ğŸ’«,dizzy
147,ğŸ’¦,sweat droplets
148,ğŸ’¨,dashing away
149,ğŸ•³,hole
150,ğŸ’£,bomb
151,ğŸ’¬,speech balloon
152,ğŸ‘ï¸â€ğŸ—¨ï¸,eye in speech bubble
153,ğŸ—¨,left speech bubble
154,ğŸ—¯,right anger bubble
155,ğŸ’­,thought balloon
156,ğŸ’¤,zzz
157,ğŸ‘‹,waving hand
158,ğŸ¤š,raised back of hand
159,ğŸ–,hand with fingers splayed
160,âœ‹,raised hand
161,ğŸ––,vulcan salute
162,ğŸ‘Œ,OK hand
163,ğŸ¤Œ,pinched fingers
164,ğŸ¤,pinching hand
165,âœŒ,victory hand
166,ğŸ¤,crossed fingers
167,ğŸ¤Ÿ,love-you gesture
168,ğŸ¤˜,sign of the horns
169,ğŸ¤™,call me hand
170,ğŸ‘ˆ,backhand index pointing left
171,ğŸ‘‰,backhand index pointing right
172,ğŸ‘†,backhand index pointing up
173,ğŸ–•,middle finger
174,ğŸ‘‡,backhand index pointing down
175,â˜,index pointing up
176,ğŸ‘,thumbs up
177,ğŸ‘,thumbs down
178,âœŠ,raised fist
179,ğŸ‘Š,oncoming fist
180,ğŸ¤›,left-facing fist
181,ğŸ¤œ,right-facing fist
182,ğŸ‘,clapping hands
183,ğŸ™Œ,raising hands
184,ğŸ‘,open hands
185,ğŸ¤²,palms up together
186,ğŸ¤,handshake
187,ğŸ™,folded hands
188,âœ,writing hand
189,ğŸ’…,nail polish
190,ğŸ¤³,selfie
191,ğŸ’ª,flexed biceps
192,ğŸ¦¾,mechanical arm
193,ğŸ¦¿,mechanical leg
194,ğŸ¦µ,leg
195,ğŸ¦¶,foot
196,ğŸ‘‚,ear
197,ğŸ¦»,ear with hearing aid
198,ğŸ‘ƒ,nose
199,ğŸ§ ,brain
200,ğŸ«€,anatomical heart
201,ğŸ«,lungs
202,ğŸ¦·,tooth
203,ğŸ¦´,bone
204,ğŸ‘€,eyes
205,ğŸ‘,eye
206,ğŸ‘…,tongue
207,ğŸ‘„,mouth
208,ğŸ‘¶,baby
209,ğŸ§’,child
210,ğŸ‘¦,boy
211,ğŸ‘§,girl
212,ğŸ§‘,person
213,ğŸ‘±,person: blond hair
214,ğŸ‘¨,man
215,ğŸ§”,person: beard
216,ğŸ§”â€â™‚ï¸,âŠ› man: beard
217,ğŸ§”â€â™€ï¸,âŠ› woman: beard
218,ğŸ‘¨â€ğŸ¦°,man: red hair
219,ğŸ‘¨â€ğŸ¦±,man: curly hair
220,ğŸ‘¨â€ğŸ¦³,man: white hair
221,ğŸ‘¨â€ğŸ¦²,man: bald
222,ğŸ‘©,woman
223,ğŸ‘©â€ğŸ¦°,woman: red hair
224,ğŸ§‘â€ğŸ¦°,person: red hair
225,ğŸ‘©â€ğŸ¦±,woman: curly hair
226,ğŸ§‘â€ğŸ¦±,person: curly hair
227,ğŸ‘©â€ğŸ¦³,woman: white hair
228,ğŸ§‘â€ğŸ¦³,person: white hair
229,ğŸ‘©â€ğŸ¦²,woman: bald
230,ğŸ§‘â€ğŸ¦²,person: bald
231,ğŸ‘±â€â™€ï¸,woman: blond hair
232,ğŸ‘±â€â™‚ï¸,man: blond hair
233,ğŸ§“,older person
234,ğŸ‘´,old man
235,ğŸ‘µ,old woman
236,ğŸ™,person frowning
237,ğŸ™â€â™‚ï¸,man frowning
238,ğŸ™â€â™€ï¸,woman frowning
239,ğŸ™,person pouting
240,ğŸ™â€â™‚ï¸,man pouting
241,ğŸ™â€â™€ï¸,woman pouting
242,ğŸ™…,person gesturing NO
243,ğŸ™…â€â™‚ï¸,man gesturing NO
244,ğŸ™…â€â™€ï¸,woman gesturing NO
245,ğŸ™†,person gesturing OK
246,ğŸ™†â€â™‚ï¸,man gesturing OK
247,ğŸ™†â€â™€ï¸,woman gesturing OK
248,ğŸ’,person tipping hand
249,ğŸ’â€â™‚ï¸,man tipping hand
250,ğŸ’â€â™€ï¸,woman tipping hand
251,ğŸ™‹,person raising hand
252,ğŸ™‹â€â™‚ï¸,man raising hand
253,ğŸ™‹â€â™€ï¸,woman raising hand
254,ğŸ§,deaf person
255,ğŸ§â€â™‚ï¸,deaf man
256,ğŸ§â€â™€ï¸,deaf woman
257,ğŸ™‡,person bowing
258,ğŸ™‡â€â™‚ï¸,man bowing
259,ğŸ™‡â€â™€ï¸,woman bowing
260,ğŸ¤¦,person facepalming
261,ğŸ¤¦â€â™‚ï¸,man facepalming
262,ğŸ¤¦â€â™€ï¸,woman facepalming
263,ğŸ¤·,person shrugging
264,ğŸ¤·â€â™‚ï¸,man shrugging
265,ğŸ¤·â€â™€ï¸,woman shrugging
266,ğŸ§‘â€âš•ï¸,health worker
267,ğŸ‘¨â€âš•ï¸,man health worker
268,ğŸ‘©â€âš•ï¸,woman health worker
269,ğŸ§‘â€ğŸ“,student
270,ğŸ‘¨â€ğŸ“,man student
271,ğŸ‘©â€ğŸ“,woman student
272,ğŸ§‘â€ğŸ«,teacher
273,ğŸ‘¨â€ğŸ«,man teacher
274,ğŸ‘©â€ğŸ«,woman teacher
275,ğŸ§‘â€âš–ï¸,judge
276,ğŸ‘¨â€âš–ï¸,man judge
277,ğŸ‘©â€âš–ï¸,woman judge
278,ğŸ§‘â€ğŸŒ¾,farmer
279,ğŸ‘¨â€ğŸŒ¾,man farmer
280,ğŸ‘©â€ğŸŒ¾,woman farmer
281,ğŸ§‘â€ğŸ³,cook
282,ğŸ‘¨â€ğŸ³,man cook
283,ğŸ‘©â€ğŸ³,woman cook
284,ğŸ§‘â€ğŸ”§,mechanic
285,ğŸ‘¨â€ğŸ”§,man mechanic
286,ğŸ‘©â€ğŸ”§,woman mechanic
287,ğŸ§‘â€ğŸ­,factory worker
288,ğŸ‘¨â€ğŸ­,man factory worker
289,ğŸ‘©â€ğŸ­,woman factory worker
290,ğŸ§‘â€ğŸ’¼,office worker
291,ğŸ‘¨â€ğŸ’¼,man office worker
292,ğŸ‘©â€ğŸ’¼,woman office worker
293,ğŸ§‘â€ğŸ”¬,scientist
294,ğŸ‘¨â€ğŸ”¬,man scientist
295,ğŸ‘©â€ğŸ”¬,woman scientist
296,ğŸ§‘â€ğŸ’»,technologist
297,ğŸ‘¨â€ğŸ’»,man technologist
298,ğŸ‘©â€ğŸ’»,woman technologist
299,ğŸ§‘â€ğŸ¤,singer
300,ğŸ‘¨â€ğŸ¤,man singer
301,ğŸ‘©â€ğŸ¤,woman singer
302,ğŸ§‘â€ğŸ¨,artist
303,ğŸ‘¨â€ğŸ¨,man artist
304,ğŸ‘©â€ğŸ¨,woman artist
305,ğŸ§‘â€âœˆï¸,pilot
306,ğŸ‘¨â€âœˆï¸,man pilot
307,ğŸ‘©â€âœˆï¸,woman pilot
308,ğŸ§‘â€ğŸš€,astronaut
309,ğŸ‘¨â€ğŸš€,man astronaut
310,ğŸ‘©â€ğŸš€,woman astronaut
311,ğŸ§‘â€ğŸš’,firefighter
312,ğŸ‘¨â€ğŸš’,man firefighter
313,ğŸ‘©â€ğŸš’,woman firefighter
314,ğŸ‘®,police officer
315,ğŸ‘®â€â™‚ï¸,man police officer
316,ğŸ‘®â€â™€ï¸,woman police officer
317,ğŸ•µ,detective
318,ğŸ•µï¸â€â™‚ï¸,man detective
319,ğŸ•µï¸â€â™€ï¸,woman detective
320,ğŸ’‚,guard
321,ğŸ’‚â€â™‚ï¸,man guard
322,ğŸ’‚â€â™€ï¸,woman guard
323,ğŸ¥·,ninja
324,ğŸ‘·,construction worker
325,ğŸ‘·â€â™‚ï¸,man construction worker
326,ğŸ‘·â€â™€ï¸,woman construction worker
327,ğŸ¤´,prince
328,ğŸ‘¸,princess
329,ğŸ‘³,person wearing turban
330,ğŸ‘³â€â™‚ï¸,man wearing turban
331,ğŸ‘³â€â™€ï¸,woman wearing turban
332,ğŸ‘²,person with skullcap
333,ğŸ§•,woman with headscarf
334,ğŸ¤µ,person in tuxedo
335,ğŸ¤µâ€â™‚ï¸,man in tuxedo
336,ğŸ¤µâ€â™€ï¸,woman in tuxedo
337,ğŸ‘°,person with veil
338,ğŸ‘°â€â™‚ï¸,man with veil
339,ğŸ‘°â€â™€ï¸,woman with veil
340,ğŸ¤°,pregnant woman
341,ğŸ¤±,breast-feeding
342,ğŸ‘©â€ğŸ¼,woman feeding baby
343,ğŸ‘¨â€ğŸ¼,man feeding baby
344,ğŸ§‘â€ğŸ¼,person feeding baby
345,ğŸ‘¼,baby angel
346,ğŸ…,Santa Claus
347,ğŸ¤¶,Mrs. Claus
348,ğŸ§‘â€ğŸ„,mx claus
349,ğŸ¦¸,superhero
350,ğŸ¦¸â€â™‚ï¸,man superhero
351,ğŸ¦¸â€â™€ï¸,woman superhero
352,ğŸ¦¹,supervillain
353,ğŸ¦¹â€â™‚ï¸,man supervillain
354,ğŸ¦¹â€â™€ï¸,woman supervillain
355,ğŸ§™,mage
356,ğŸ§™â€â™‚ï¸,man mage
357,ğŸ§™â€â™€ï¸,woman mage
358,ğŸ§š,fairy
359,ğŸ§šâ€â™‚ï¸,man fairy
360,ğŸ§šâ€â™€ï¸,woman fairy
361,ğŸ§›,vampire
362,ğŸ§›â€â™‚ï¸,man vampire
363,ğŸ§›â€â™€ï¸,woman vampire
364,ğŸ§œ,merperson
365,ğŸ§œâ€â™‚ï¸,merman
366,ğŸ§œâ€â™€ï¸,mermaid
367,ğŸ§,elf
368,ğŸ§â€â™‚ï¸,man elf
369,ğŸ§â€â™€ï¸,woman elf
370,ğŸ§,genie
371,ğŸ§â€â™‚ï¸,man genie
372,ğŸ§â€â™€ï¸,woman genie
373,ğŸ§Ÿ,zombie
374,ğŸ§Ÿâ€â™‚ï¸,man zombie
375,ğŸ§Ÿâ€â™€ï¸,woman zombie
376,ğŸ’†,person getting massage
377,ğŸ’†â€â™‚ï¸,man getting massage
378,ğŸ’†â€â™€ï¸,woman getting massage
379,ğŸ’‡,person getting haircut
380,ğŸ’‡â€â™‚ï¸,man getting haircut
381,ğŸ’‡â€â™€ï¸,woman getting haircut
382,ğŸš¶,person walking
383,ğŸš¶â€â™‚ï¸,man walking
384,ğŸš¶â€â™€ï¸,woman walking
385,ğŸ§,person standing
386,ğŸ§â€â™‚ï¸,man standing
387,ğŸ§â€â™€ï¸,woman standing
388,ğŸ§,person kneeling
389,ğŸ§â€â™‚ï¸,man kneeling
390,ğŸ§â€â™€ï¸,woman kneeling
391,ğŸ§‘â€ğŸ¦¯,person with white cane
392,ğŸ‘¨â€ğŸ¦¯,man with white cane
393,ğŸ‘©â€ğŸ¦¯,woman with white cane
394,ğŸ§‘â€ğŸ¦¼,person in motorized wheelchair
395,ğŸ‘¨â€ğŸ¦¼,man in motorized wheelchair
396,ğŸ‘©â€ğŸ¦¼,woman in motorized wheelchair
397,ğŸ§‘â€ğŸ¦½,person in manual wheelchair
398,ğŸ‘¨â€ğŸ¦½,man in manual wheelchair
399,ğŸ‘©â€ğŸ¦½,woman in manual wheelchair
400,ğŸƒ,person running
401,ğŸƒâ€â™‚ï¸,man running
402,ğŸƒâ€â™€ï¸,woman running
403,ğŸ’ƒ,woman dancing
404,ğŸ•º,man dancing
405,ğŸ•´,person in suit levitating
406,ğŸ‘¯,people with bunny ears
407,ğŸ‘¯â€â™‚ï¸,men with bunny ears
408,ğŸ‘¯â€â™€ï¸,women with bunny ears
409,ğŸ§–,person in steamy room
410,ğŸ§–â€â™‚ï¸,man in steamy room
411,ğŸ§–â€â™€ï¸,woman in steamy room
412,ğŸ§—,person climbing
413,ğŸ§—â€â™‚ï¸,man climbing
414,ğŸ§—â€â™€ï¸,woman climbing
415,ğŸ¤º,person fencing
416,ğŸ‡,horse racing
417,â›·,skier
418,ğŸ‚,snowboarder
419,ğŸŒ,person golfing
420,ğŸŒï¸â€â™‚ï¸,man golfing
421,ğŸŒï¸â€â™€ï¸,woman golfing
422,ğŸ„,person surfing
423,ğŸ„â€â™‚ï¸,man surfing
424,ğŸ„â€â™€ï¸,woman surfing
425,ğŸš£,person rowing boat
426,ğŸš£â€â™‚ï¸,man rowing boat
427,ğŸš£â€â™€ï¸,woman rowing boat
428,ğŸŠ,person swimming
429,ğŸŠâ€â™‚ï¸,man swimming
430,ğŸŠâ€â™€ï¸,woman swimming
431,â›¹,person bouncing ball
432,â›¹ï¸â€â™‚ï¸,man bouncing ball
433,â›¹ï¸â€â™€ï¸,woman bouncing ball
434,ğŸ‹,person lifting weights
435,ğŸ‹ï¸â€â™‚ï¸,man lifting weights
436,ğŸ‹ï¸â€â™€ï¸,woman lifting weights
437,ğŸš´,person biking
438,ğŸš´â€â™‚ï¸,man biking
439,ğŸš´â€â™€ï¸,woman biking
440,ğŸšµ,person mountain biking
441,ğŸšµâ€â™‚ï¸,man mountain biking
442,ğŸšµâ€â™€ï¸,woman mountain biking
443,ğŸ¤¸,person cartwheeling
444,ğŸ¤¸â€â™‚ï¸,man cartwheeling
445,ğŸ¤¸â€â™€ï¸,woman cartwheeling
446,ğŸ¤¼,people wrestling
447,ğŸ¤¼â€â™‚ï¸,men wrestling
448,ğŸ¤¼â€â™€ï¸,women wrestling
449,ğŸ¤½,person playing water polo
450,ğŸ¤½â€â™‚ï¸,man playing water polo
451,ğŸ¤½â€â™€ï¸,woman playing water polo
452,ğŸ¤¾,person playing handball
453,ğŸ¤¾â€â™‚ï¸,man playing handball
454,ğŸ¤¾â€â™€ï¸,woman playing handball
455,ğŸ¤¹,person juggling
456,ğŸ¤¹â€â™‚ï¸,man juggling
457,ğŸ¤¹â€â™€ï¸,woman juggling
458,ğŸ§˜,person in lotus position
459,ğŸ§˜â€â™‚ï¸,man in lotus position
460,ğŸ§˜â€â™€ï¸,woman in lotus position
461,ğŸ›€,person taking bath
462,ğŸ›Œ,person in bed
463,ğŸ§‘â€ğŸ¤â€ğŸ§‘,people holding hands
464,ğŸ‘­,women holding hands
465,ğŸ‘«,woman and man holding hands
466,ğŸ‘¬,men holding hands
467,ğŸ’,kiss
468,ğŸ‘©â€â¤ï¸â€ğŸ’‹â€ğŸ‘¨,"kiss: woman, man"
469,ğŸ‘¨â€â¤ï¸â€ğŸ’‹â€ğŸ‘¨,"kiss: man, man"
470,ğŸ‘©â€â¤ï¸â€ğŸ’‹â€ğŸ‘©,"kiss: woman, woman"
471,ğŸ’‘,couple with heart
472,ğŸ‘©â€â¤ï¸â€ğŸ‘¨,"couple with heart: woman, man"
473,ğŸ‘¨â€â¤ï¸â€ğŸ‘¨,"couple with heart: man, man"
474,ğŸ‘©â€â¤ï¸â€ğŸ‘©,"couple with heart: woman, woman"
475,ğŸ‘ª,family
476,ğŸ‘¨â€ğŸ‘©â€ğŸ‘¦,"family: man, woman, boy"
477,ğŸ‘¨â€ğŸ‘©â€ğŸ‘§,"family: man, woman, girl"
478,ğŸ‘¨â€ğŸ‘©â€ğŸ‘§â€ğŸ‘¦,"family: man, woman, girl, boy"
479,ğŸ‘¨â€ğŸ‘©â€ğŸ‘¦â€ğŸ‘¦,"family: man, woman, boy, boy"
480,ğŸ‘¨â€ğŸ‘©â€ğŸ‘§â€ğŸ‘§,"family: man, woman, girl, girl"
481,ğŸ‘¨â€ğŸ‘¨â€ğŸ‘¦,"family: man, man, boy"
482,ğŸ‘¨â€ğŸ‘¨â€ğŸ‘§,"family: man, man, girl"
483,ğŸ‘¨â€ğŸ‘¨â€ğŸ‘§â€ğŸ‘¦,"family: man, man, girl, boy"
484,ğŸ‘¨â€ğŸ‘¨â€ğŸ‘¦â€ğŸ‘¦,"family: man, man, boy, boy"
485,ğŸ‘¨â€ğŸ‘¨â€ğŸ‘§â€ğŸ‘§,"family: man, man, girl, girl"
486,ğŸ‘©â€ğŸ‘©â€ğŸ‘¦,"family: woman, woman, boy"
487,ğŸ‘©â€ğŸ‘©â€ğŸ‘§,"family: woman, woman, girl"
488,ğŸ‘©â€ğŸ‘©â€ğŸ‘§â€ğŸ‘¦,"family: woman, woman, girl, boy"
489,ğŸ‘©â€ğŸ‘©â€ğŸ‘¦â€ğŸ‘¦,"family: woman, woman, boy, boy"
490,ğŸ‘©â€ğŸ‘©â€ğŸ‘§â€ğŸ‘§,"family: woman, woman, girl, girl"
491,ğŸ‘¨â€ğŸ‘¦,"family: man, boy"
492,ğŸ‘¨â€ğŸ‘¦â€ğŸ‘¦,"family: man, boy, boy"
493,ğŸ‘¨â€ğŸ‘§,"family: man, girl"
494,ğŸ‘¨â€ğŸ‘§â€ğŸ‘¦,"family: man, girl, boy"
495,ğŸ‘¨â€ğŸ‘§â€ğŸ‘§,"family: man, girl, girl"
496,ğŸ‘©â€ğŸ‘¦,"family: woman, boy"
497,ğŸ‘©â€ğŸ‘¦â€ğŸ‘¦,"family: woman, boy, boy"
498,ğŸ‘©â€ğŸ‘§,"family: woman, girl"
499,ğŸ‘©â€ğŸ‘§â€ğŸ‘¦,"family: woman, girl, boy"
500,ğŸ‘©â€ğŸ‘§â€ğŸ‘§,"family: woman, girl, girl"
501,ğŸ—£,speaking head
502,ğŸ‘¤,bust in silhouette
503,ğŸ‘¥,busts in silhouette
504,ğŸ«‚,people hugging
505,ğŸ‘£,footprints
506,ğŸ¦°,red hair
507,ğŸ¦±,curly hair
508,ğŸ¦³,white hair
509,ğŸ¦²,bald
510,ğŸµ,monkey face
511,ğŸ’,monkey
512,ğŸ¦,gorilla
513,ğŸ¦§,orangutan
514,ğŸ¶,dog face
515,ğŸ•,dog
516,ğŸ¦®,guide dog
517,ğŸ•â€ğŸ¦º,service dog
518,ğŸ©,poodle
519,ğŸº,wolf
520,ğŸ¦Š,fox
521,ğŸ¦,raccoon
522,ğŸ±,cat face
523,ğŸˆ,cat
524,ğŸˆâ€â¬›,black cat
525,ğŸ¦,lion
526,ğŸ¯,tiger face
527,ğŸ…,tiger
528,ğŸ†,leopard
529,ğŸ´,horse face
530,ğŸ,horse
531,ğŸ¦„,unicorn
532,ğŸ¦“,zebra
533,ğŸ¦Œ,deer
534,ğŸ¦¬,bison
535,ğŸ®,cow face
536,ğŸ‚,ox
537,ğŸƒ,water buffalo
538,ğŸ„,cow
539,ğŸ·,pig face
540,ğŸ–,pig
541,ğŸ—,boar
542,ğŸ½,pig nose
543,ğŸ,ram
544,ğŸ‘,ewe
545,ğŸ,goat
546,ğŸª,camel
547,ğŸ«,two-hump camel
548,ğŸ¦™,llama
549,ğŸ¦’,giraffe
550,ğŸ˜,elephant
551,ğŸ¦£,mammoth
552,ğŸ¦,rhinoceros
553,ğŸ¦›,hippopotamus
554,ğŸ­,mouse face
555,ğŸ,mouse
556,ğŸ€,rat
557,ğŸ¹,hamster
558,ğŸ°,rabbit face
559,ğŸ‡,rabbit
560,ğŸ¿,chipmunk
561,ğŸ¦«,beaver
562,ğŸ¦”,hedgehog
563,ğŸ¦‡,bat
564,ğŸ»,bear
565,ğŸ»â€â„ï¸,polar bear
566,ğŸ¨,koala
567,ğŸ¼,panda
568,ğŸ¦¥,sloth
569,ğŸ¦¦,otter
570,ğŸ¦¨,skunk
571,ğŸ¦˜,kangaroo
572,ğŸ¦¡,badger
573,ğŸ¾,paw prints
574,ğŸ¦ƒ,turkey
575,ğŸ”,chicken
576,ğŸ“,rooster
577,ğŸ£,hatching chick
578,ğŸ¤,baby chick
579,ğŸ¥,front-facing baby chick
580,ğŸ¦,bird
581,ğŸ§,penguin
582,ğŸ•Š,dove
583,ğŸ¦…,eagle
584,ğŸ¦†,duck
585,ğŸ¦¢,swan
586,ğŸ¦‰,owl
587,ğŸ¦¤,dodo
588,ğŸª¶,feather
589,ğŸ¦©,flamingo
590,ğŸ¦š,peacock
591,ğŸ¦œ,parrot
592,ğŸ¸,frog
593,ğŸŠ,crocodile
594,ğŸ¢,turtle
595,ğŸ¦,lizard
596,ğŸ,snake
597,ğŸ²,dragon face
598,ğŸ‰,dragon
599,ğŸ¦•,sauropod
600,ğŸ¦–,T-Rex
601,ğŸ³,spouting whale
602,ğŸ‹,whale
603,ğŸ¬,dolphin
604,ğŸ¦­,seal
605,ğŸŸ,fish
606,ğŸ ,tropical fish
607,ğŸ¡,blowfish
608,ğŸ¦ˆ,shark
609,ğŸ™,octopus
610,ğŸš,spiral shell
611,ğŸŒ,snail
612,ğŸ¦‹,butterfly
613,ğŸ›,bug
614,ğŸœ,ant
615,ğŸ,honeybee
616,ğŸª²,beetle
617,ğŸ,lady beetle
618,ğŸ¦—,cricket
619,ğŸª³,cockroach
620,ğŸ•·,spider
621,ğŸ•¸,spider web
622,ğŸ¦‚,scorpion
623,ğŸ¦Ÿ,mosquito
624,ğŸª°,fly
625,ğŸª±,worm
626,ğŸ¦ ,microbe
627,ğŸ’,bouquet
628,ğŸŒ¸,cherry blossom
629,ğŸ’®,white flower
630,ğŸµ,rosette
631,ğŸŒ¹,rose
632,ğŸ¥€,wilted flower
633,ğŸŒº,hibiscus
634,ğŸŒ»,sunflower
635,ğŸŒ¼,blossom
636,ğŸŒ·,tulip
637,ğŸŒ±,seedling
638,ğŸª´,potted plant
639,ğŸŒ²,evergreen tree
640,ğŸŒ³,deciduous tree
641,ğŸŒ´,palm tree
642,ğŸŒµ,cactus
643,ğŸŒ¾,sheaf of rice
644,ğŸŒ¿,herb
645,â˜˜,shamrock
646,ğŸ€,four leaf clover
647,ğŸ,maple leaf
648,ğŸ‚,fallen leaf
649,ğŸƒ,leaf fluttering in wind
650,ğŸ‡,grapes
651,ğŸˆ,melon
652,ğŸ‰,watermelon
653,ğŸŠ,tangerine
654,ğŸ‹,lemon
655,ğŸŒ,banana
656,ğŸ,pineapple
657,ğŸ¥­,mango
658,ğŸ,red apple
659,ğŸ,green apple
660,ğŸ,pear
661,ğŸ‘,peach
662,ğŸ’,cherries
663,ğŸ“,strawberry
664,ğŸ«,blueberries
665,ğŸ¥,kiwi fruit
666,ğŸ…,tomato
667,ğŸ«’,olive
668,ğŸ¥¥,coconut
669,ğŸ¥‘,avocado
670,ğŸ†,eggplant
671,ğŸ¥”,potato
672,ğŸ¥•,carrot
673,ğŸŒ½,ear of corn
674,ğŸŒ¶,hot pepper
675,ğŸ«‘,bell pepper
676,ğŸ¥’,cucumber
677,ğŸ¥¬,leafy green
678,ğŸ¥¦,broccoli
679,ğŸ§„,garlic
680,ğŸ§…,onion
681,ğŸ„,mushroom
682,ğŸ¥œ,peanuts
683,ğŸŒ°,chestnut
684,ğŸ,bread
685,ğŸ¥,croissant
686,ğŸ¥–,baguette bread
687,ğŸ«“,flatbread
688,ğŸ¥¨,pretzel
689,ğŸ¥¯,bagel
690,ğŸ¥,pancakes
691,ğŸ§‡,waffle
692,ğŸ§€,cheese wedge
693,ğŸ–,meat on bone
694,ğŸ—,poultry leg
695,ğŸ¥©,cut of meat
696,ğŸ¥“,bacon
697,ğŸ”,hamburger
698,ğŸŸ,french fries
699,ğŸ•,pizza
700,ğŸŒ­,hot dog
701,ğŸ¥ª,sandwich
702,ğŸŒ®,taco
703,ğŸŒ¯,burrito
704,ğŸ«”,tamale
705,ğŸ¥™,stuffed flatbread
706,ğŸ§†,falafel
707,ğŸ¥š,egg
708,ğŸ³,cooking
709,ğŸ¥˜,shallow pan of food
710,ğŸ²,pot of food
711,ğŸ«•,fondue
712,ğŸ¥£,bowl with spoon
713,ğŸ¥—,green salad
714,ğŸ¿,popcorn
715,ğŸ§ˆ,butter
716,ğŸ§‚,salt
717,ğŸ¥«,canned food
718,ğŸ±,bento box
719,ğŸ˜,rice cracker
720,ğŸ™,rice ball
721,ğŸš,cooked rice
722,ğŸ›,curry rice
723,ğŸœ,steaming bowl
724,ğŸ,spaghetti
725,ğŸ ,roasted sweet potato
726,ğŸ¢,oden
727,ğŸ£,sushi
728,ğŸ¤,fried shrimp
729,ğŸ¥,fish cake with swirl
730,ğŸ¥®,moon cake
731,ğŸ¡,dango
732,ğŸ¥Ÿ,dumpling
733,ğŸ¥ ,fortune cookie
734,ğŸ¥¡,takeout box
735,ğŸ¦€,crab
736,ğŸ¦,lobster
737,ğŸ¦,shrimp
738,ğŸ¦‘,squid
739,ğŸ¦ª,oyster
740,ğŸ¦,soft ice cream
741,ğŸ§,shaved ice
742,ğŸ¨,ice cream
743,ğŸ©,doughnut
744,ğŸª,cookie
745,ğŸ‚,birthday cake
746,ğŸ°,shortcake
747,ğŸ§,cupcake
748,ğŸ¥§,pie
749,ğŸ«,chocolate bar
750,ğŸ¬,candy
751,ğŸ­,lollipop
752,ğŸ®,custard
753,ğŸ¯,honey pot
754,ğŸ¼,baby bottle
755,ğŸ¥›,glass of milk
756,â˜•,hot beverage
757,ğŸ«–,teapot
758,ğŸµ,teacup without handle
759,ğŸ¶,sake
760,ğŸ¾,bottle with popping cork
761,ğŸ·,wine glass
762,ğŸ¸,cocktail glass
763,ğŸ¹,tropical drink
764,ğŸº,beer mug
765,ğŸ»,clinking beer mugs
766,ğŸ¥‚,clinking glasses
767,ğŸ¥ƒ,tumbler glass
768,ğŸ¥¤,cup with straw
769,ğŸ§‹,bubble tea
770,ğŸ§ƒ,beverage box
771,ğŸ§‰,mate
772,ğŸ§Š,ice
773,ğŸ¥¢,chopsticks
774,ğŸ½,fork and knife with plate
775,ğŸ´,fork and knife
776,ğŸ¥„,spoon
777,ğŸ”ª,kitchen knife
778,ğŸº,amphora
779,ğŸŒ,globe showing Europe-Africa
780,ğŸŒ,globe showing Americas
781,ğŸŒ,globe showing Asia-Australia
782,ğŸŒ,globe with meridians
783,ğŸ—º,world map
784,ğŸ—¾,map of Japan
785,ğŸ§­,compass
786,ğŸ”,snow-capped mountain
787,â›°,mountain
788,ğŸŒ‹,volcano
789,ğŸ—»,mount fuji
790,ğŸ•,camping
791,ğŸ–,beach with umbrella
792,ğŸœ,desert
793,ğŸ,desert island
794,ğŸ,national park
795,ğŸŸ,stadium
796,ğŸ›,classical building
797,ğŸ—,building construction
798,ğŸ§±,brick
799,ğŸª¨,rock
800,ğŸªµ,wood
801,ğŸ›–,hut
802,ğŸ˜,houses
803,ğŸš,derelict house
804,ğŸ ,house
805,ğŸ¡,house with garden
806,ğŸ¢,office building
807,ğŸ£,Japanese post office
808,ğŸ¤,post office
809,ğŸ¥,hospital
810,ğŸ¦,bank
811,ğŸ¨,hotel
812,ğŸ©,love hotel
813,ğŸª,convenience store
814,ğŸ«,school
815,ğŸ¬,department store
816,ğŸ­,factory
817,ğŸ¯,Japanese castle
818,ğŸ°,castle
819,ğŸ’’,wedding
820,ğŸ—¼,Tokyo tower
821,ğŸ—½,Statue of Liberty
822,â›ª,church
823,ğŸ•Œ,mosque
824,ğŸ›•,hindu temple
825,ğŸ•,synagogue
826,â›©,shinto shrine
827,ğŸ•‹,kaaba
828,â›²,fountain
829,â›º,tent
830,ğŸŒ,foggy
831,ğŸŒƒ,night with stars
832,ğŸ™,cityscape
833,ğŸŒ„,sunrise over mountains
834,ğŸŒ…,sunrise
835,ğŸŒ†,cityscape at dusk
836,ğŸŒ‡,sunset
837,ğŸŒ‰,bridge at night
838,â™¨,hot springs
839,ğŸ ,carousel horse
840,ğŸ¡,ferris wheel
841,ğŸ¢,roller coaster
842,ğŸ’ˆ,barber pole
843,ğŸª,circus tent
844,ğŸš‚,locomotive
845,ğŸšƒ,railway car
846,ğŸš„,high-speed train
847,ğŸš…,bullet train
848,ğŸš†,train
849,ğŸš‡,metro
850,ğŸšˆ,light rail
851,ğŸš‰,station
852,ğŸšŠ,tram
853,ğŸš,monorail
854,ğŸš,mountain railway
855,ğŸš‹,tram car
856,ğŸšŒ,bus
857,ğŸš,oncoming bus
858,ğŸš,trolleybus
859,ğŸš,minibus
860,ğŸš‘,ambulance
861,ğŸš’,fire engine
862,ğŸš“,police car
863,ğŸš”,oncoming police car
864,ğŸš•,taxi
865,ğŸš–,oncoming taxi
866,ğŸš—,automobile
867,ğŸš˜,oncoming automobile
868,ğŸš™,sport utility vehicle
869,ğŸ›»,pickup truck
870,ğŸšš,delivery truck
871,ğŸš›,articulated lorry
872,ğŸšœ,tractor
873,ğŸ,racing car
874,ğŸ,motorcycle
875,ğŸ›µ,motor scooter
876,ğŸ¦½,manual wheelchair
877,ğŸ¦¼,motorized wheelchair
878,ğŸ›º,auto rickshaw
879,ğŸš²,bicycle
880,ğŸ›´,kick scooter
881,ğŸ›¹,skateboard
882,ğŸ›¼,roller skate
883,ğŸš,bus stop
884,ğŸ›£,motorway
885,ğŸ›¤,railway track
886,ğŸ›¢,oil drum
887,â›½,fuel pump
888,ğŸš¨,police car light
889,ğŸš¥,horizontal traffic light
890,ğŸš¦,vertical traffic light
891,ğŸ›‘,stop sign
892,ğŸš§,construction
893,âš“,anchor
894,â›µ,sailboat
895,ğŸ›¶,canoe
896,ğŸš¤,speedboat
897,ğŸ›³,passenger ship
898,â›´,ferry
899,ğŸ›¥,motor boat
900,ğŸš¢,ship
901,âœˆ,airplane
902,ğŸ›©,small airplane
903,ğŸ›«,airplane departure
904,ğŸ›¬,airplane arrival
905,ğŸª‚,parachute
906,ğŸ’º,seat
907,ğŸš,helicopter
908,ğŸšŸ,suspension railway
909,ğŸš ,mountain cableway
910,ğŸš¡,aerial tramway
911,ğŸ›°,satellite
912,ğŸš€,rocket
913,ğŸ›¸,flying saucer
914,ğŸ›,bellhop bell
915,ğŸ§³,luggage
916,âŒ›,hourglass done
917,â³,hourglass not done
918,âŒš,watch
919,â°,alarm clock
920,â±,stopwatch
921,â²,timer clock
922,ğŸ•°,mantelpiece clock
923,ğŸ•›,twelve oâ€™clock
924,ğŸ•§,twelve-thirty
925,ğŸ•,one oâ€™clock
926,ğŸ•œ,one-thirty
927,ğŸ•‘,two oâ€™clock
928,ğŸ•,two-thirty
929,ğŸ•’,three oâ€™clock
930,ğŸ•,three-thirty
931,ğŸ•“,four oâ€™clock
932,ğŸ•Ÿ,four-thirty
933,ğŸ•”,five oâ€™clock
934,ğŸ• ,five-thirty
935,ğŸ••,six oâ€™clock
936,ğŸ•¡,six-thirty
937,ğŸ•–,seven oâ€™clock
938,ğŸ•¢,seven-thirty
939,ğŸ•—,eight oâ€™clock
940,ğŸ•£,eight-thirty
941,ğŸ•˜,nine oâ€™clock
942,ğŸ•¤,nine-thirty
943,ğŸ•™,ten oâ€™clock
944,ğŸ•¥,ten-thirty
945,ğŸ•š,eleven oâ€™clock
946,ğŸ•¦,eleven-thirty
947,ğŸŒ‘,new moon
948,ğŸŒ’,waxing crescent moon
949,ğŸŒ“,first quarter moon
950,ğŸŒ”,waxing gibbous moon
951,ğŸŒ•,full moon
952,ğŸŒ–,waning gibbous moon
953,ğŸŒ—,last quarter moon
954,ğŸŒ˜,waning crescent moon
955,ğŸŒ™,crescent moon
956,ğŸŒš,new moon face
957,ğŸŒ›,first quarter moon face
958,ğŸŒœ,last quarter moon face
959,ğŸŒ¡,thermometer
960,â˜€,sun
961,ğŸŒ,full moon face
962,ğŸŒ,sun with face
963,ğŸª,ringed planet
964,â­,star
965,ğŸŒŸ,glowing star
966,ğŸŒ ,shooting star
967,ğŸŒŒ,milky way
968,â˜,cloud
969,â›…,sun behind cloud
970,â›ˆ,cloud with lightning and rain
971,ğŸŒ¤,sun behind small cloud
972,ğŸŒ¥,sun behind large cloud
973,ğŸŒ¦,sun behind rain cloud
974,ğŸŒ§,cloud with rain
975,ğŸŒ¨,cloud with snow
976,ğŸŒ©,cloud with lightning
977,ğŸŒª,tornado
978,ğŸŒ«,fog
979,ğŸŒ¬,wind face
980,ğŸŒ€,cyclone
981,ğŸŒˆ,rainbow
982,ğŸŒ‚,closed umbrella
983,â˜‚,umbrella
984,â˜”,umbrella with rain drops
985,â›±,umbrella on ground
986,âš¡,high voltage
987,â„,snowflake
988,â˜ƒ,snowman
989,â›„,snowman without snow
990,â˜„,comet
991,ğŸ”¥,fire
992,ğŸ’§,droplet
993,ğŸŒŠ,water wave
994,ğŸƒ,jack-o-lantern
995,ğŸ„,Christmas tree
996,ğŸ†,fireworks
997,ğŸ‡,sparkler
998,ğŸ§¨,firecracker
999,âœ¨,sparkles
1000,ğŸˆ,balloon
1001,ğŸ‰,party popper
1002,ğŸŠ,confetti ball
1003,ğŸ‹,tanabata tree
1004,ğŸ,pine decoration
1005,ğŸ,Japanese dolls
1006,ğŸ,carp streamer
1007,ğŸ,wind chime
1008,ğŸ‘,moon viewing ceremony
1009,ğŸ§§,red envelope
1010,ğŸ€,ribbon
1011,ğŸ,wrapped gift
1012,ğŸ—,reminder ribbon
1013,ğŸŸ,admission tickets
1014,ğŸ«,ticket
1015,ğŸ–,military medal
1016,ğŸ†,trophy
1017,ğŸ…,sports medal
1018,ğŸ¥‡,1st place medal
1019,ğŸ¥ˆ,2nd place medal
1020,ğŸ¥‰,3rd place medal
1021,âš½,soccer ball
1022,âš¾,baseball
1023,ğŸ¥,softball
1024,ğŸ€,basketball
1025,ğŸ,volleyball
1026,ğŸˆ,american football
1027,ğŸ‰,rugby football
1028,ğŸ¾,tennis
1029,ğŸ¥,flying disc
1030,ğŸ³,bowling
1031,ğŸ,cricket game
1032,ğŸ‘,field hockey
1033,ğŸ’,ice hockey
1034,ğŸ¥,lacrosse
1035,ğŸ“,ping pong
1036,ğŸ¸,badminton
1037,ğŸ¥Š,boxing glove
1038,ğŸ¥‹,martial arts uniform
1039,ğŸ¥…,goal net
1040,â›³,flag in hole
1041,â›¸,ice skate
1042,ğŸ£,fishing pole
1043,ğŸ¤¿,diving mask
1044,ğŸ½,running shirt
1045,ğŸ¿,skis
1046,ğŸ›·,sled
1047,ğŸ¥Œ,curling stone
1048,ğŸ¯,bullseye
1049,ğŸª€,yo-yo
1050,ğŸª,kite
1051,ğŸ±,pool 8 ball
1052,ğŸ”®,crystal ball
1053,ğŸª„,magic wand
1054,ğŸ§¿,nazar amulet
1055,ğŸ®,video game
1056,ğŸ•¹,joystick
1057,ğŸ°,slot machine
1058,ğŸ²,game die
1059,ğŸ§©,puzzle piece
1060,ğŸ§¸,teddy bear
1061,ğŸª…,piÃ±ata
1062,ğŸª†,nesting dolls
1063,â™ ,spade suit
1064,â™¥,heart suit
1065,â™¦,diamond suit
1066,â™£,club suit
1067,â™Ÿ,chess pawn
1068,ğŸƒ,joker
1069,ğŸ€„,mahjong red dragon
1070,ğŸ´,flower playing cards
1071,ğŸ­,performing arts
1072,ğŸ–¼,framed picture
1073,ğŸ¨,artist palette
1074,ğŸ§µ,thread
1075,ğŸª¡,sewing needle
1076,ğŸ§¶,yarn
1077,ğŸª¢,knot
1078,ğŸ‘“,glasses
1079,ğŸ•¶,sunglasses
1080,ğŸ¥½,goggles
1081,ğŸ¥¼,lab coat
1082,ğŸ¦º,safety vest
1083,ğŸ‘”,necktie
1084,ğŸ‘•,t-shirt
1085,ğŸ‘–,jeans
1086,ğŸ§£,scarf
1087,ğŸ§¤,gloves
1088,ğŸ§¥,coat
1089,ğŸ§¦,socks
1090,ğŸ‘—,dress
1091,ğŸ‘˜,kimono
1092,ğŸ¥»,sari
1093,ğŸ©±,one-piece swimsuit
1094,ğŸ©²,briefs
1095,ğŸ©³,shorts
1096,ğŸ‘™,bikini
1097,ğŸ‘š,womanâ€™s clothes
1098,ğŸ‘›,purse
1099,ğŸ‘œ,handbag
1100,ğŸ‘,clutch bag
1101,ğŸ›,shopping bags
1102,ğŸ’,backpack
1103,ğŸ©´,thong sandal
1104,ğŸ‘,manâ€™s shoe
1105,ğŸ‘Ÿ,running shoe
1106,ğŸ¥¾,hiking boot
1107,ğŸ¥¿,flat shoe
1108,ğŸ‘ ,high-heeled shoe
1109,ğŸ‘¡,womanâ€™s sandal
1110,ğŸ©°,ballet shoes
1111,ğŸ‘¢,womanâ€™s boot
1112,ğŸ‘‘,crown
1113,ğŸ‘’,womanâ€™s hat
1114,ğŸ©,top hat
1115,ğŸ“,graduation cap
1116,ğŸ§¢,billed cap
1117,ğŸª–,military helmet
1118,â›‘,rescue workerâ€™s helmet
1119,ğŸ“¿,prayer beads
1120,ğŸ’„,lipstick
1121,ğŸ’,ring
1122,ğŸ’,gem stone
1123,ğŸ”‡,muted speaker
1124,ğŸ”ˆ,speaker low volume
1125,ğŸ”‰,speaker medium volume
1126,ğŸ”Š,speaker high volume
1127,ğŸ“¢,loudspeaker
1128,ğŸ“£,megaphone
1129,ğŸ“¯,postal horn
1130,ğŸ””,bell
1131,ğŸ”•,bell with slash
1132,ğŸ¼,musical score
1133,ğŸµ,musical note
1134,ğŸ¶,musical notes
1135,ğŸ™,studio microphone
1136,ğŸš,level slider
1137,ğŸ›,control knobs
1138,ğŸ¤,microphone
1139,ğŸ§,headphone
1140,ğŸ“»,radio
1141,ğŸ·,saxophone
1142,ğŸª—,accordion
1143,ğŸ¸,guitar
1144,ğŸ¹,musical keyboard
1145,ğŸº,trumpet
1146,ğŸ»,violin
1147,ğŸª•,banjo
1148,ğŸ¥,drum
1149,ğŸª˜,long drum
1150,ğŸ“±,mobile phone
1151,ğŸ“²,mobile phone with arrow
1152,â˜,telephone
1153,ğŸ“,telephone receiver
1154,ğŸ“Ÿ,pager
1155,ğŸ“ ,fax machine
1156,ğŸ”‹,battery
1157,ğŸ”Œ,electric plug
1158,ğŸ’»,laptop
1159,ğŸ–¥,desktop computer
1160,ğŸ–¨,printer
1161,âŒ¨,keyboard
1162,ğŸ–±,computer mouse
1163,ğŸ–²,trackball
1164,ğŸ’½,computer disk
1165,ğŸ’¾,floppy disk
1166,ğŸ’¿,optical disk
1167,ğŸ“€,dvd
1168,ğŸ§®,abacus
1169,ğŸ¥,movie camera
1170,ğŸ,film frames
1171,ğŸ“½,film projector
1172,ğŸ¬,clapper board
1173,ğŸ“º,television
1174,ğŸ“·,camera
1175,ğŸ“¸,camera with flash
1176,ğŸ“¹,video camera
1177,ğŸ“¼,videocassette
1178,ğŸ”,magnifying glass tilted left
1179,ğŸ”,magnifying glass tilted right
1180,ğŸ•¯,candle
1181,ğŸ’¡,light bulb
1182,ğŸ”¦,flashlight
1183,ğŸ®,red paper lantern
1184,ğŸª”,diya lamp
1185,ğŸ“”,notebook with decorative cover
1186,ğŸ“•,closed book
1187,ğŸ“–,open book
1188,ğŸ“—,green book
1189,ğŸ“˜,blue book
1190,ğŸ“™,orange book
1191,ğŸ“š,books
1192,ğŸ““,notebook
1193,ğŸ“’,ledger
1194,ğŸ“ƒ,page with curl
1195,ğŸ“œ,scroll
1196,ğŸ“„,page facing up
1197,ğŸ“°,newspaper
1198,ğŸ—,rolled-up newspaper
1199,ğŸ“‘,bookmark tabs
1200,ğŸ”–,bookmark
1201,ğŸ·,label
1202,ğŸ’°,money bag
1203,ğŸª™,coin
1204,ğŸ’´,yen banknote
1205,ğŸ’µ,dollar banknote
1206,ğŸ’¶,euro banknote
1207,ğŸ’·,pound banknote
1208,ğŸ’¸,money with wings
1209,ğŸ’³,credit card
1210,ğŸ§¾,receipt
1211,ğŸ’¹,chart increasing with yen
1212,âœ‰,envelope
1213,ğŸ“§,e-mail
1214,ğŸ“¨,incoming envelope
1215,ğŸ“©,envelope with arrow
1216,ğŸ“¤,outbox tray
1217,ğŸ“¥,inbox tray
1218,ğŸ“¦,package
1219,ğŸ“«,closed mailbox with raised flag
1220,ğŸ“ª,closed mailbox with lowered flag
1221,ğŸ“¬,open mailbox with raised flag
1222,ğŸ“­,open mailbox with lowered flag
1223,ğŸ“®,postbox
1224,ğŸ—³,ballot box with ballot
1225,âœ,pencil
1226,âœ’,black nib
1227,ğŸ–‹,fountain pen
1228,ğŸ–Š,pen
1229,ğŸ–Œ,paintbrush
1230,ğŸ–,crayon
1231,ğŸ“,memo
1232,ğŸ’¼,briefcase
1233,ğŸ“,file folder
1234,ğŸ“‚,open file folder
1235,ğŸ—‚,card index dividers
1236,ğŸ“…,calendar
1237,ğŸ“†,tear-off calendar
1238,ğŸ—’,spiral notepad
1239,ğŸ—“,spiral calendar
1240,ğŸ“‡,card index
1241,ğŸ“ˆ,chart increasing
1242,ğŸ“‰,chart decreasing
1243,ğŸ“Š,bar chart
1244,ğŸ“‹,clipboard
1245,ğŸ“Œ,pushpin
1246,ğŸ“,round pushpin
1247,ğŸ“,paperclip
1248,ğŸ–‡,linked paperclips
1249,ğŸ“,straight ruler
1250,ğŸ“,triangular ruler
1251,âœ‚,scissors
1252,ğŸ—ƒ,card file box
1253,ğŸ—„,file cabinet
1254,ğŸ—‘,wastebasket
1255,ğŸ”’,locked
1256,ğŸ”“,unlocked
1257,ğŸ”,locked with pen
1258,ğŸ”,locked with key
1259,ğŸ”‘,key
1260,ğŸ—,old key
1261,ğŸ”¨,hammer
1262,ğŸª“,axe
1263,â›,pick
1264,âš’,hammer and pick
1265,ğŸ› ,hammer and wrench
1266,ğŸ—¡,dagger
1267,âš”,crossed swords
1268,ğŸ”«,water pistol
1269,ğŸªƒ,boomerang
1270,ğŸ¹,bow and arrow
1271,ğŸ›¡,shield
1272,ğŸªš,carpentry saw
1273,ğŸ”§,wrench
1274,ğŸª›,screwdriver
1275,ğŸ”©,nut and bolt
1276,âš™,gear
1277,ğŸ—œ,clamp
1278,âš–,balance scale
1279,ğŸ¦¯,white cane
1280,ğŸ”—,link
1281,â›“,chains
1282,ğŸª,hook
1283,ğŸ§°,toolbox
1284,ğŸ§²,magnet
1285,ğŸªœ,ladder
1286,âš—,alembic
1287,ğŸ§ª,test tube
1288,ğŸ§«,petri dish
1289,ğŸ§¬,dna
1290,ğŸ”¬,microscope
1291,ğŸ”­,telescope
1292,ğŸ“¡,satellite antenna
1293,ğŸ’‰,syringe
1294,ğŸ©¸,drop of blood
1295,ğŸ’Š,pill
1296,ğŸ©¹,adhesive bandage
1297,ğŸ©º,stethoscope
1298,ğŸšª,door
1299,ğŸ›—,elevator
1300,ğŸª,mirror
1301,ğŸªŸ,window
1302,ğŸ›,bed
1303,ğŸ›‹,couch and lamp
1304,ğŸª‘,chair
1305,ğŸš½,toilet
1306,ğŸª ,plunger
1307,ğŸš¿,shower
1308,ğŸ›,bathtub
1309,ğŸª¤,mouse trap
1310,ğŸª’,razor
1311,ğŸ§´,lotion bottle
1312,ğŸ§·,safety pin
1313,ğŸ§¹,broom
1314,ğŸ§º,basket
1315,ğŸ§»,roll of paper
1316,ğŸª£,bucket
1317,ğŸ§¼,soap
1318,ğŸª¥,toothbrush
1319,ğŸ§½,sponge
1320,ğŸ§¯,fire extinguisher
1321,ğŸ›’,shopping cart
1322,ğŸš¬,cigarette
1323,âš°,coffin
1324,ğŸª¦,headstone
1325,âš±,funeral urn
1326,ğŸ—¿,moai
1327,ğŸª§,placard
1328,ğŸ§,ATM sign
1329,ğŸš®,litter in bin sign
1330,ğŸš°,potable water
1331,â™¿,wheelchair symbol
1332,ğŸš¹,menâ€™s room
1333,ğŸšº,womenâ€™s room
1334,ğŸš»,restroom
1335,ğŸš¼,baby symbol
1336,ğŸš¾,water closet
1337,ğŸ›‚,passport control
1338,ğŸ›ƒ,customs
1339,ğŸ›„,baggage claim
1340,ğŸ›…,left luggage
1341,âš ,warning
1342,ğŸš¸,children crossing
1343,â›”,no entry
1344,ğŸš«,prohibited
1345,ğŸš³,no bicycles
1346,ğŸš­,no smoking
1347,ğŸš¯,no littering
1348,ğŸš±,non-potable water
1349,ğŸš·,no pedestrians
1350,ğŸ“µ,no mobile phones
1351,ğŸ”,no one under eighteen
1352,â˜¢,radioactive
1353,â˜£,biohazard
1354,â¬†,up arrow
1355,â†—,up-right arrow
1356,â¡,right arrow
1357,â†˜,down-right arrow
1358,â¬‡,down arrow
1359,â†™,down-left arrow
1360,â¬…,left arrow
1361,â†–,up-left arrow
1362,â†•,up-down arrow
1363,â†”,left-right arrow
1364,â†©,right arrow curving left
1365,â†ª,left arrow curving right
1366,â¤´,right arrow curving up
1367,â¤µ,right arrow curving down
1368,ğŸ”ƒ,clockwise vertical arrows
1369,ğŸ”„,counterclockwise arrows button
1370,ğŸ”™,BACK arrow
1371,ğŸ”š,END arrow
1372,ğŸ”›,ON! arrow
1373,ğŸ”œ,SOON arrow
1374,ğŸ”,TOP arrow
1375,ğŸ›,place of worship
1376,âš›,atom symbol
1377,ğŸ•‰,om
1378,âœ¡,star of David
1379,â˜¸,wheel of dharma
1380,â˜¯,yin yang
1381,âœ,latin cross
1382,â˜¦,orthodox cross
1383,â˜ª,star and crescent
1384,â˜®,peace symbol
1385,ğŸ•,menorah
1386,ğŸ”¯,dotted six-pointed star
1387,â™ˆ,Aries
1388,â™‰,Taurus
1389,â™Š,Gemini
1390,â™‹,Cancer
1391,â™Œ,Leo
1392,â™,Virgo
1393,â™,Libra
1394,â™,Scorpio
1395,â™,Sagittarius
1396,â™‘,Capricorn
1397,â™’,Aquarius
1398,â™“,Pisces
1399,â›,Ophiuchus
1400,ğŸ”€,shuffle tracks button
1401,ğŸ”,repeat button
1402,ğŸ”‚,repeat single button
1403,â–¶,play button
1404,â©,fast-forward button
1405,â­,next track button
1406,â¯,play or pause button
1407,â—€,reverse button
1408,âª,fast reverse button
1409,â®,last track button
1410,ğŸ”¼,upwards button
1411,â«,fast up button
1412,ğŸ”½,downwards button
1413,â¬,fast down button
1414,â¸,pause button
1415,â¹,stop button
1416,âº,record button
1417,â,eject button
1418,ğŸ¦,cinema
1419,ğŸ”…,dim button
1420,ğŸ”†,bright button
1421,ğŸ“¶,antenna bars
1422,ğŸ“³,vibration mode
1423,ğŸ“´,mobile phone off
1424,â™€,female sign
1425,â™‚,male sign
1426,âš§,transgender symbol
1427,âœ–,multiply
1428,â•,plus
1429,â–,minus
1430,â—,divide
1431,â™¾,infinity
1432,â€¼,double exclamation mark
1433,â‰,exclamation question mark
1434,â“,red question mark
1435,â”,white question mark
1436,â•,white exclamation mark
1437,â—,red exclamation mark
1438,ã€°,wavy dash
1439,ğŸ’±,currency exchange
1440,ğŸ’²,heavy dollar sign
1441,âš•,medical symbol
1442,â™»,recycling symbol
1443,âšœ,fleur-de-lis
1444,ğŸ”±,trident emblem
1445,ğŸ“›,name badge
1446,ğŸ”°,Japanese symbol for beginner
1447,â­•,hollow red circle
1448,âœ…,check mark button
1449,â˜‘,check box with check
1450,âœ”,check mark
1451,âŒ,cross mark
1452,â,cross mark button
1453,â°,curly loop
1454,â¿,double curly loop
1455,ã€½,part alternation mark
1456,âœ³,eight-spoked asterisk
1457,âœ´,eight-pointed star
1458,â‡,sparkle
1459,Â©,copyright
1460,Â®,registered
1461,â„¢,trade mark
1462,#ï¸âƒ£,keycap: #
1463,*ï¸âƒ£,keycap: *
1464,0ï¸âƒ£,keycap: 0
1465,1ï¸âƒ£,keycap: 1
1466,2ï¸âƒ£,keycap: 2
1467,3ï¸âƒ£,keycap: 3
1468,4ï¸âƒ£,keycap: 4
1469,5ï¸âƒ£,keycap: 5
1470,6ï¸âƒ£,keycap: 6
1471,7ï¸âƒ£,keycap: 7
1472,8ï¸âƒ£,keycap: 8
1473,9ï¸âƒ£,keycap: 9
1474,ğŸ”Ÿ,keycap: 10
1475,ğŸ” ,input latin uppercase
1476,ğŸ”¡,input latin lowercase
1477,ğŸ”¢,input numbers
1478,ğŸ”£,input symbols
1479,ğŸ”¤,input latin letters
1480,ğŸ…°,A button (blood type)
1481,ğŸ†,AB button (blood type)
1482,ğŸ…±,B button (blood type)
1483,ğŸ†‘,CL button
1484,ğŸ†’,COOL button
1485,ğŸ†“,FREE button
1486,â„¹,information
1487,ğŸ†”,ID button
1488,â“‚,circled M
1489,ğŸ†•,NEW button
1490,ğŸ†–,NG button
1491,ğŸ…¾,O button (blood type)
1492,ğŸ†—,OK button
1493,ğŸ…¿,P button
1494,ğŸ†˜,SOS button
1495,ğŸ†™,UP! button
1496,ğŸ†š,VS button
1497,ğŸˆ,Japanese â€œhereâ€ button
1498,ğŸˆ‚,Japanese â€œservice chargeâ€ button
1499,ğŸˆ·,Japanese â€œmonthly amountâ€ button
1500,ğŸˆ¶,Japanese â€œnot free of chargeâ€ button
1501,ğŸˆ¯,Japanese â€œreservedâ€ button
1502,ğŸ‰,Japanese â€œbargainâ€ button
1503,ğŸˆ¹,Japanese â€œdiscountâ€ button
1504,ğŸˆš,Japanese â€œfree of chargeâ€ button
1505,ğŸˆ²,Japanese â€œprohibitedâ€ button
1506,ğŸ‰‘,Japanese â€œacceptableâ€ button
1507,ğŸˆ¸,Japanese â€œapplicationâ€ button
1508,ğŸˆ´,Japanese â€œpassing gradeâ€ button
1509,ğŸˆ³,Japanese â€œvacancyâ€ button
1510,ãŠ—,Japanese â€œcongratulationsâ€ button
1511,ãŠ™,Japanese â€œsecretâ€ button
1512,ğŸˆº,Japanese â€œopen for businessâ€ button
1513,ğŸˆµ,Japanese â€œno vacancyâ€ button
1514,ğŸ”´,red circle
1515,ğŸŸ ,orange circle
1516,ğŸŸ¡,yellow circle
1517,ğŸŸ¢,green circle
1518,ğŸ”µ,blue circle
1519,ğŸŸ£,purple circle
1520,ğŸŸ¤,brown circle
1521,âš«,black circle
1522,âšª,white circle
1523,ğŸŸ¥,red square
1524,ğŸŸ§,orange square
1525,ğŸŸ¨,yellow square
1526,ğŸŸ©,green square
1527,ğŸŸ¦,blue square
1528,ğŸŸª,purple square
1529,ğŸŸ«,brown square
1530,â¬›,black large square
1531,â¬œ,white large square
1532,â—¼,black medium square
1533,â—»,white medium square
1534,â—¾,black medium-small square
1535,â—½,white medium-small square
1536,â–ª,black small square
1537,â–«,white small square
1538,ğŸ”¶,large orange diamond
1539,ğŸ”·,large blue diamond
1540,ğŸ”¸,small orange diamond
1541,ğŸ”¹,small blue diamond
1542,ğŸ”º,red triangle pointed up
1543,ğŸ”»,red triangle pointed down
1544,ğŸ’ ,diamond with a dot
1545,ğŸ”˜,radio button
1546,ğŸ”³,white square button
1547,ğŸ”²,black square button
1548,ğŸ,chequered flag
1549,ğŸš©,triangular flag
1550,ğŸŒ,crossed flags
1551,ğŸ´,black flag
1552,ğŸ³,white flag
1553,ğŸ³ï¸â€ğŸŒˆ,rainbow flag
1554,ğŸ³ï¸â€âš§ï¸,transgender flag
1555,ğŸ´â€â˜ ï¸,pirate flag
1556,ğŸ‡¦ğŸ‡¨,flag: Ascension Island
1557,ğŸ‡¦ğŸ‡©,flag: Andorra
1558,ğŸ‡¦ğŸ‡ª,flag: United Arab Emirates
1559,ğŸ‡¦ğŸ‡«,flag: Afghanistan
1560,ğŸ‡¦ğŸ‡¬,flag: Antigua & Barbuda
1561,ğŸ‡¦ğŸ‡®,flag: Anguilla
1562,ğŸ‡¦ğŸ‡±,flag: Albania
1563,ğŸ‡¦ğŸ‡²,flag: Armenia
1564,ğŸ‡¦ğŸ‡´,flag: Angola
1565,ğŸ‡¦ğŸ‡¶,flag: Antarctica
1566,ğŸ‡¦ğŸ‡·,flag: Argentina
1567,ğŸ‡¦ğŸ‡¸,flag: American Samoa
1568,ğŸ‡¦ğŸ‡¹,flag: Austria
1569,ğŸ‡¦ğŸ‡º,flag: Australia
1570,ğŸ‡¦ğŸ‡¼,flag: Aruba
1571,ğŸ‡¦ğŸ‡½,flag: Ã…land Islands
1572,ğŸ‡¦ğŸ‡¿,flag: Azerbaijan
1573,ğŸ‡§ğŸ‡¦,flag: Bosnia & Herzegovina
1574,ğŸ‡§ğŸ‡§,flag: Barbados
1575,ğŸ‡§ğŸ‡©,flag: Bangladesh
1576,ğŸ‡§ğŸ‡ª,flag: Belgium
1577,ğŸ‡§ğŸ‡«,flag: Burkina Faso
1578,ğŸ‡§ğŸ‡¬,flag: Bulgaria
1579,ğŸ‡§ğŸ‡­,flag: Bahrain
1580,ğŸ‡§ğŸ‡®,flag: Burundi
1581,ğŸ‡§ğŸ‡¯,flag: Benin
1582,ğŸ‡§ğŸ‡±,flag: St. BarthÃ©lemy
1583,ğŸ‡§ğŸ‡²,flag: Bermuda
1584,ğŸ‡§ğŸ‡³,flag: Brunei
1585,ğŸ‡§ğŸ‡´,flag: Bolivia
1586,ğŸ‡§ğŸ‡¶,flag: Caribbean Netherlands
1587,ğŸ‡§ğŸ‡·,flag: Brazil
1588,ğŸ‡§ğŸ‡¸,flag: Bahamas
1589,ğŸ‡§ğŸ‡¹,flag: Bhutan
1590,ğŸ‡§ğŸ‡»,flag: Bouvet Island
1591,ğŸ‡§ğŸ‡¼,flag: Botswana
1592,ğŸ‡§ğŸ‡¾,flag: Belarus
1593,ğŸ‡§ğŸ‡¿,flag: Belize
1594,ğŸ‡¨ğŸ‡¦,flag: Canada
1595,ğŸ‡¨ğŸ‡¨,flag: Cocos (Keeling) Islands
1596,ğŸ‡¨ğŸ‡©,flag: Congo - Kinshasa
1597,ğŸ‡¨ğŸ‡«,flag: Central African Republic
1598,ğŸ‡¨ğŸ‡¬,flag: Congo - Brazzaville
1599,ğŸ‡¨ğŸ‡­,flag: Switzerland
1600,ğŸ‡¨ğŸ‡®,flag: CÃ´te dâ€™Ivoire
1601,ğŸ‡¨ğŸ‡°,flag: Cook Islands
1602,ğŸ‡¨ğŸ‡±,flag: Chile
1603,ğŸ‡¨ğŸ‡²,flag: Cameroon
1604,ğŸ‡¨ğŸ‡³,flag: China
1605,ğŸ‡¨ğŸ‡´,flag: Colombia
1606,ğŸ‡¨ğŸ‡µ,flag: Clipperton Island
1607,ğŸ‡¨ğŸ‡·,flag: Costa Rica
1608,ğŸ‡¨ğŸ‡º,flag: Cuba
1609,ğŸ‡¨ğŸ‡»,flag: Cape Verde
1610,ğŸ‡¨ğŸ‡¼,flag: CuraÃ§ao
1611,ğŸ‡¨ğŸ‡½,flag: Christmas Island
1612,ğŸ‡¨ğŸ‡¾,flag: Cyprus
1613,ğŸ‡¨ğŸ‡¿,flag: Czechia
1614,ğŸ‡©ğŸ‡ª,flag: Germany
1615,ğŸ‡©ğŸ‡¬,flag: Diego Garcia
1616,ğŸ‡©ğŸ‡¯,flag: Djibouti
1617,ğŸ‡©ğŸ‡°,flag: Denmark
1618,ğŸ‡©ğŸ‡²,flag: Dominica
1619,ğŸ‡©ğŸ‡´,flag: Dominican Republic
1620,ğŸ‡©ğŸ‡¿,flag: Algeria
1621,ğŸ‡ªğŸ‡¦,flag: Ceuta & Melilla
1622,ğŸ‡ªğŸ‡¨,flag: Ecuador
1623,ğŸ‡ªğŸ‡ª,flag: Estonia
1624,ğŸ‡ªğŸ‡¬,flag: Egypt
1625,ğŸ‡ªğŸ‡­,flag: Western Sahara
1626,ğŸ‡ªğŸ‡·,flag: Eritrea
1627,ğŸ‡ªğŸ‡¸,flag: Spain
1628,ğŸ‡ªğŸ‡¹,flag: Ethiopia
1629,ğŸ‡ªğŸ‡º,flag: European Union
1630,ğŸ‡«ğŸ‡®,flag: Finland
1631,ğŸ‡«ğŸ‡¯,flag: Fiji
1632,ğŸ‡«ğŸ‡°,flag: Falkland Islands
1633,ğŸ‡«ğŸ‡²,flag: Micronesia
1634,ğŸ‡«ğŸ‡´,flag: Faroe Islands
1635,ğŸ‡«ğŸ‡·,flag: France
1636,ğŸ‡¬ğŸ‡¦,flag: Gabon
1637,ğŸ‡¬ğŸ‡§,flag: United Kingdom
1638,ğŸ‡¬ğŸ‡©,flag: Grenada
1639,ğŸ‡¬ğŸ‡ª,flag: Georgia
1640,ğŸ‡¬ğŸ‡«,flag: French Guiana
1641,ğŸ‡¬ğŸ‡¬,flag: Guernsey
1642,ğŸ‡¬ğŸ‡­,flag: Ghana
1643,ğŸ‡¬ğŸ‡®,flag: Gibraltar
1644,ğŸ‡¬ğŸ‡±,flag: Greenland
1645,ğŸ‡¬ğŸ‡²,flag: Gambia
1646,ğŸ‡¬ğŸ‡³,flag: Guinea
1647,ğŸ‡¬ğŸ‡µ,flag: Guadeloupe
1648,ğŸ‡¬ğŸ‡¶,flag: Equatorial Guinea
1649,ğŸ‡¬ğŸ‡·,flag: Greece
1650,ğŸ‡¬ğŸ‡¸,flag: South Georgia & South Sandwich Islands
1651,ğŸ‡¬ğŸ‡¹,flag: Guatemala
1652,ğŸ‡¬ğŸ‡º,flag: Guam
1653,ğŸ‡¬ğŸ‡¼,flag: Guinea-Bissau
1654,ğŸ‡¬ğŸ‡¾,flag: Guyana
1655,ğŸ‡­ğŸ‡°,flag: Hong Kong SAR China
1656,ğŸ‡­ğŸ‡²,flag: Heard & McDonald Islands
1657,ğŸ‡­ğŸ‡³,flag: Honduras
1658,ğŸ‡­ğŸ‡·,flag: Croatia
1659,ğŸ‡­ğŸ‡¹,flag: Haiti
1660,ğŸ‡­ğŸ‡º,flag: Hungary
1661,ğŸ‡®ğŸ‡¨,flag: Canary Islands
1662,ğŸ‡®ğŸ‡©,flag: Indonesia
1663,ğŸ‡®ğŸ‡ª,flag: Ireland
1664,ğŸ‡®ğŸ‡±,flag: Israel
1665,ğŸ‡®ğŸ‡²,flag: Isle of Man
1666,ğŸ‡®ğŸ‡³,flag: India
1667,ğŸ‡®ğŸ‡´,flag: British Indian Ocean Territory
1668,ğŸ‡®ğŸ‡¶,flag: Iraq
1669,ğŸ‡®ğŸ‡·,flag: Iran
1670,ğŸ‡®ğŸ‡¸,flag: Iceland
1671,ğŸ‡®ğŸ‡¹,flag: Italy
1672,ğŸ‡¯ğŸ‡ª,flag: Jersey
1673,ğŸ‡¯ğŸ‡²,flag: Jamaica
1674,ğŸ‡¯ğŸ‡´,flag: Jordan
1675,ğŸ‡¯ğŸ‡µ,flag: Japan
1676,ğŸ‡°ğŸ‡ª,flag: Kenya
1677,ğŸ‡°ğŸ‡¬,flag: Kyrgyzstan
1678,ğŸ‡°ğŸ‡­,flag: Cambodia
1679,ğŸ‡°ğŸ‡®,flag: Kiribati
1680,ğŸ‡°ğŸ‡²,flag: Comoros
1681,ğŸ‡°ğŸ‡³,flag: St. Kitts & Nevis
1682,ğŸ‡°ğŸ‡µ,flag: North Korea
1683,ğŸ‡°ğŸ‡·,flag: South Korea
1684,ğŸ‡°ğŸ‡¼,flag: Kuwait
1685,ğŸ‡°ğŸ‡¾,flag: Cayman Islands
1686,ğŸ‡°ğŸ‡¿,flag: Kazakhstan
1687,ğŸ‡±ğŸ‡¦,flag: Laos
1688,ğŸ‡±ğŸ‡§,flag: Lebanon
1689,ğŸ‡±ğŸ‡¨,flag: St. Lucia
1690,ğŸ‡±ğŸ‡®,flag: Liechtenstein
1691,ğŸ‡±ğŸ‡°,flag: Sri Lanka
1692,ğŸ‡±ğŸ‡·,flag: Liberia
1693,ğŸ‡±ğŸ‡¸,flag: Lesotho
1694,ğŸ‡±ğŸ‡¹,flag: Lithuania
1695,ğŸ‡±ğŸ‡º,flag: Luxembourg
1696,ğŸ‡±ğŸ‡»,flag: Latvia
1697,ğŸ‡±ğŸ‡¾,flag: Libya
1698,ğŸ‡²ğŸ‡¦,flag: Morocco
1699,ğŸ‡²ğŸ‡¨,flag: Monaco
1700,ğŸ‡²ğŸ‡©,flag: Moldova
1701,ğŸ‡²ğŸ‡ª,flag: Montenegro
1702,ğŸ‡²ğŸ‡«,flag: St. Martin
1703,ğŸ‡²ğŸ‡¬,flag: Madagascar
1704,ğŸ‡²ğŸ‡­,flag: Marshall Islands
1705,ğŸ‡²ğŸ‡°,flag: North Macedonia
1706,ğŸ‡²ğŸ‡±,flag: Mali
1707,ğŸ‡²ğŸ‡²,flag: Myanmar (Burma)
1708,ğŸ‡²ğŸ‡³,flag: Mongolia
1709,ğŸ‡²ğŸ‡´,flag: Macao SAR China
1710,ğŸ‡²ğŸ‡µ,flag: Northern Mariana Islands
1711,ğŸ‡²ğŸ‡¶,flag: Martinique
1712,ğŸ‡²ğŸ‡·,flag: Mauritania
1713,ğŸ‡²ğŸ‡¸,flag: Montserrat
1714,ğŸ‡²ğŸ‡¹,flag: Malta
1715,ğŸ‡²ğŸ‡º,flag: Mauritius
1716,ğŸ‡²ğŸ‡»,flag: Maldives
1717,ğŸ‡²ğŸ‡¼,flag: Malawi
1718,ğŸ‡²ğŸ‡½,flag: Mexico
1719,ğŸ‡²ğŸ‡¾,flag: Malaysia
1720,ğŸ‡²ğŸ‡¿,flag: Mozambique
1721,ğŸ‡³ğŸ‡¦,flag: Namibia
1722,ğŸ‡³ğŸ‡¨,flag: New Caledonia
1723,ğŸ‡³ğŸ‡ª,flag: Niger
1724,ğŸ‡³ğŸ‡«,flag: Norfolk Island
1725,ğŸ‡³ğŸ‡¬,flag: Nigeria
1726,ğŸ‡³ğŸ‡®,flag: Nicaragua
1727,ğŸ‡³ğŸ‡±,flag: Netherlands
1728,ğŸ‡³ğŸ‡´,flag: Norway
1729,ğŸ‡³ğŸ‡µ,flag: Nepal
1730,ğŸ‡³ğŸ‡·,flag: Nauru
1731,ğŸ‡³ğŸ‡º,flag: Niue
1732,ğŸ‡³ğŸ‡¿,flag: New Zealand
1733,ğŸ‡´ğŸ‡²,flag: Oman
1734,ğŸ‡µğŸ‡¦,flag: Panama
1735,ğŸ‡µğŸ‡ª,flag: Peru
1736,ğŸ‡µğŸ‡«,flag: French Polynesia
1737,ğŸ‡µğŸ‡¬,flag: Papua New Guinea
1738,ğŸ‡µğŸ‡­,flag: Philippines
1739,ğŸ‡µğŸ‡°,flag: Pakistan
1740,ğŸ‡µğŸ‡±,flag: Poland
1741,ğŸ‡µğŸ‡²,flag: St. Pierre & Miquelon
1742,ğŸ‡µğŸ‡³,flag: Pitcairn Islands
1743,ğŸ‡µğŸ‡·,flag: Puerto Rico
1744,ğŸ‡µğŸ‡¸,flag: Palestinian Territories
1745,ğŸ‡µğŸ‡¹,flag: Portugal
1746,ğŸ‡µğŸ‡¼,flag: Palau
1747,ğŸ‡µğŸ‡¾,flag: Paraguay
1748,ğŸ‡¶ğŸ‡¦,flag: Qatar
1749,ğŸ‡·ğŸ‡ª,flag: RÃ©union
1750,ğŸ‡·ğŸ‡´,flag: Romania
1751,ğŸ‡·ğŸ‡¸,flag: Serbia
1752,ğŸ‡·ğŸ‡º,flag: Russia
1753,ğŸ‡·ğŸ‡¼,flag: Rwanda
1754,ğŸ‡¸ğŸ‡¦,flag: Saudi Arabia
1755,ğŸ‡¸ğŸ‡§,flag: Solomon Islands
1756,ğŸ‡¸ğŸ‡¨,flag: Seychelles
1757,ğŸ‡¸ğŸ‡©,flag: Sudan
1758,ğŸ‡¸ğŸ‡ª,flag: Sweden
1759,ğŸ‡¸ğŸ‡¬,flag: Singapore
1760,ğŸ‡¸ğŸ‡­,flag: St. Helena
1761,ğŸ‡¸ğŸ‡®,flag: Slovenia
1762,ğŸ‡¸ğŸ‡¯,flag: Svalbard & Jan Mayen
1763,ğŸ‡¸ğŸ‡°,flag: Slovakia
1764,ğŸ‡¸ğŸ‡±,flag: Sierra Leone
1765,ğŸ‡¸ğŸ‡²,flag: San Marino
1766,ğŸ‡¸ğŸ‡³,flag: Senegal
1767,ğŸ‡¸ğŸ‡´,flag: Somalia
1768,ğŸ‡¸ğŸ‡·,flag: Suriname
1769,ğŸ‡¸ğŸ‡¸,flag: South Sudan
1770,ğŸ‡¸ğŸ‡¹,flag: SÃ£o TomÃ© & PrÃ­ncipe
1771,ğŸ‡¸ğŸ‡»,flag: El Salvador
1772,ğŸ‡¸ğŸ‡½,flag: Sint Maarten
1773,ğŸ‡¸ğŸ‡¾,flag: Syria
1774,ğŸ‡¸ğŸ‡¿,flag: Eswatini
1775,ğŸ‡¹ğŸ‡¦,flag: Tristan da Cunha
1776,ğŸ‡¹ğŸ‡¨,flag: Turks & Caicos Islands
1777,ğŸ‡¹ğŸ‡©,flag: Chad
1778,ğŸ‡¹ğŸ‡«,flag: French Southern Territories
1779,ğŸ‡¹ğŸ‡¬,flag: Togo
1780,ğŸ‡¹ğŸ‡­,flag: Thailand
1781,ğŸ‡¹ğŸ‡¯,flag: Tajikistan
1782,ğŸ‡¹ğŸ‡°,flag: Tokelau
1783,ğŸ‡¹ğŸ‡±,flag: Timor-Leste
1784,ğŸ‡¹ğŸ‡²,flag: Turkmenistan
1785,ğŸ‡¹ğŸ‡³,flag: Tunisia
1786,ğŸ‡¹ğŸ‡´,flag: Tonga
1787,ğŸ‡¹ğŸ‡·,flag: Turkey
1788,ğŸ‡¹ğŸ‡¹,flag: Trinidad & Tobago
1789,ğŸ‡¹ğŸ‡»,flag: Tuvalu
1790,ğŸ‡¹ğŸ‡¼,flag: Taiwan
1791,ğŸ‡¹ğŸ‡¿,flag: Tanzania
1792,ğŸ‡ºğŸ‡¦,flag: Ukraine
1793,ğŸ‡ºğŸ‡¬,flag: Uganda
1794,ğŸ‡ºğŸ‡²,flag: U.S. Outlying Islands
1795,ğŸ‡ºğŸ‡³,flag: United Nations
1796,ğŸ‡ºğŸ‡¸,flag: United States
1797,ğŸ‡ºğŸ‡¾,flag: Uruguay
1798,ğŸ‡ºğŸ‡¿,flag: Uzbekistan
1799,ğŸ‡»ğŸ‡¦,flag: Vatican City
1800,ğŸ‡»ğŸ‡¨,flag: St. Vincent & Grenadines
1801,ğŸ‡»ğŸ‡ª,flag: Venezuela
1802,ğŸ‡»ğŸ‡¬,flag: British Virgin Islands
1803,ğŸ‡»ğŸ‡®,flag: U.S. Virgin Islands
1804,ğŸ‡»ğŸ‡³,flag: Vietnam
1805,ğŸ‡»ğŸ‡º,flag: Vanuatu
1806,ğŸ‡¼ğŸ‡«,flag: Wallis & Futuna
1807,ğŸ‡¼ğŸ‡¸,flag: Samoa
1808,ğŸ‡½ğŸ‡°,flag: Kosovo
1809,ğŸ‡¾ğŸ‡ª,flag: Yemen
1810,ğŸ‡¾ğŸ‡¹,flag: Mayotte
1811,ğŸ‡¿ğŸ‡¦,flag: South Africa
1812,ğŸ‡¿ğŸ‡²,flag: Zambia
1813,ğŸ‡¿ğŸ‡¼,flag: Zimbabwe
1814,ğŸ´ó §ó ¢ó ¥ó ®ó §ó ¿,flag: England
1815,ğŸ´ó §ó ¢ó ³ó £ó ´ó ¿,flag: Scotland
1816,ğŸ´ó §ó ¢ó ·ó ¬ó ³ó ¿,flag: Wales
